keyword,Activity_Rate
소상공인지원사업,80.6
연금보험료,91.5
케이비손해보험,3.7
금주식,3.9
SOXL주가,10.1
실비보험가입,70.6
자동차보험,84.2
채권투자,79.3
상속포기신고,68.5
보험설계,81.6
연금저축펀드가입,20.8
미국채권ETF,89.3
순금,88.8
차용증양식,9.1
시급계산기,8.6
국내ETF,78.0
상속포기,93.1
TIGER200IT,4.1
계약금,52.5
미래산업주가,31.1
오늘의금값,92.0
돈버는법,27.8
프랜차이즈창업,84.3
바이넥스주가,12.8
하이닉스주가,81.5
아파트등기비용,90.7
도지코인전망,22.1
성취,0.0
사모펀드,73.6
사망보험,83.0
범일동맛집,23.3
리플전망,22.1
다이렉트보험,69.7
오늘금한돈가격,29.5
배당금계산기,1.9
암보험비갱신형,30.6
코인하는법,84.8
손해보험,82.5
메리츠화재보험,22.1
미국주식시장시간,90.7
일수계산,72.6
상장폐지주식,83.6
24K금시세,25.4
배당기준일,59.9
자동차보험비교견적,4.2
연금계좌,77.7
비트코인전망,79.6
유병자실비보험,9.2
채권투자방법,25.1
금1돈,29.8
상속세계산기,4.3
애플주식,80.7
표적항암치료비용,13.9
비트코인차트,86.1
도지코인시세,16.6
경매,0.0
코스모스코인,13.3
소득세계산법,7.9
파이코인시세,11.1
신혼부부특별공급,95.5
신규사업자대출,21.2
LIG넥스원주가,22.5
조세특례제한법,39.6
엠블코인,4.1
타이거ETF,9.6
국내금시세,37.3
사이트,0.0
블로그돈벌기,70.0
금가격,17.6
소득공제용연금저축,0.9
비트코인골드,25.6
24K금값,25.2
부산금소매가,0.5
실손보험료,64.3
상속인,89.5
기술특례상장,40.4
삼성증권CMA,2.9
대여금반환청구소송,84.3
오늘의금값시세,38.9
보증금대출,57.3
베트남동,84.3
퇴직금지급기준,63.7
금1돈가격,20.8
돌반지,38.8
비트코인지갑,87.7
채권추심,80.4
상속세세율,31.9
금리인하,50.4
근저당설정해지,11.3
SCHD주가,31.7
후견인,58.6
주식어플,76.3
비트코인가격,62.9
상속전문변호사,96.9
SCHD,75.2
소득공제,61.1
연말정산연금저축,27.9
메리츠,92.3
주식사기,82.1
현재금값,41.5
자동차보험다이렉트,2.9
자동차보험조회,26.4
금투자,26.7
실손보험비교,17.7
연금저축펀드추천,13.5
연말정산,76.2
자동차보험비교견적사이트,1.7
금팔때시세,33.9
풍경그림,2.4
알바,0.0
사직서작성방법,4.6
지분경매,86.3
조선주,20.6
테슬라주가,84.7
미국국채ETF,75.5
보험료조회,88.8
재무제표,82.1
한화에어로스페이스주가,40.4
금시세1돈,13.7
미국배당ETF,85.4
AIG손해보험,0.6
오늘금시세,94.4
보험조회,86.3
사업자대출한도,86.9
SPDRS&P500,0.0
오늘의순금시세,35.3
E러닝,4.4
현대미술작가,88.0
금값시세,60.8
일자리구하기,25.5
법인자동차보험,24.7
TIGERETF,78.7
ETF배당금,87.0
한돈시세,24.4
고시원,79.5
주택관리사,14.2
연금저축펀드,57.7
레고켐바이오주가,24.2
앱,0.0
데이터분석,36.6
금값시세1돈,13.0
바이오주식,76.8
코인시세,84.2
등기비용,79.9
THE건강보험,34.8
자동차보험료비교견적사이트,1.4
차용,77.6
증권사수수료비교,0.5
보험상담,12.5
삼성전자관련주,77.7
건강종합보험,86.0
CMA계좌,27.9
공시,27.2
매수,0.0
농협손해보험,13.4
트레이딩,78.2
파이코인가격,28.4
코인거래소,56.3
신용카드발급,82.6
퇴사사유,66.9
수익률계산기,9.5
비상금대출,49.1
자동차보험료계산,29.3
요식업,88.6
S&P500ETF,86.6
벤처인증,93.4
밈코인,69.6
레이븐코인,5.6
20대실비보험,10.1
금값전망,36.9
자동차보험갱신,19.3
반도체관련주,71.0
법정상속인,13.4
S&P500,72.7
설립,0.0
금한돈가격,48.7
농협증권,37.0
미래에셋ETF,45.0
지원사업,0.0
명함,0.0
미국반도체ETF,93.0
석상,87.2
금투자방법,87.6
펀드추천,91.4
블랙록,80.2
실시간국제금시세,7.4
리딩방,78.6
퇴직연금수수료,22.5
홍콩H지수,30.3
기업은행주가,23.4
반도체ETF,90.7
오늘금값,91.9
ELF,12.6
코인차트,82.4
ETF세금,89.9
VOO,25.0
거래명세서,92.5
테더코인,46.7
65세실비보험,5.6
단기채권,84.8
상속한정승인,97.7
SCHDETF,2.9
오스코텍주가,6.5
해외주식양도소득세,22.7
전자화폐,16.0
DART,44.4
자동차보험료비교,69.7
두나무주가,4.8
가지급금,25.8
고액암종류,21.1
코인거래,47.9
빗썸비트코인,90.5
POLY,30.0
가상자산,74.4
공제보험,77.9
엔비디아주가,78.7
배당ETF,80.5
채권양도,95.6
아두이노키트,3.5
세금계산서발행,74.3
오피스텔월세,80.9
도지코인,80.9
미국배당주,81.2
미국주식거래시간,90.1
세금계산기,40.2
가압류절차,90.8
삼성SDI주가,70.9
자동차다이렉트,55.8
옵션거래,26.4
KB다이렉트,16.8
주식장,10.8
상속세신고,93.4
동물그림,19.6
비트코인찾기,23.4
배당주,85.5
대여금,97.1
엔비디아주식,76.2
금시세전망,32.3
선물옵션만기일,1.4
ETF,34.4
프론트엔드,56.0
엔달러환율,75.3
골드바100G,5.3
OKX,59.0
연금계산기,17.2
자동차보험할증기준,9.0
KODEX미국S&P500TR,4.6
ISC주가,15.5
LH청약,67.3
5대골절,3.7
사업자금대출,66.5
코인가격,37.3
법무사,81.1
AIG,11.1
선물거래소,89.8
압류통장해지,84.0
프랜차이즈박람회,37.0
사직,56.1
연말정산간소화,19.5
홍콩달러환율,35.5
QQQM,9.6
보험종류,59.5
자산운용,89.2
TIGER미국S&P500,38.2
나무증권,48.6
다모아보험,7.2
트레이딩뷰,17.6
60대실비보험,7.9
전자지갑,88.1
SOXX주가,4.5
코인지갑,79.5
비트코인사는법,5.1
국내주식,29.2
HLB주가,94.6
동환율,0.5
연말정산세액공제,66.6
차용증법적효력,16.3
오늘순금시세,35.3
삼천당제약주가,80.3
개인연금,62.5
중고노트북매입,17.6
NPL,47.8
인공지능,0.0
해외주식,50.4
18K금시세,31.9
비트코인하는법,86.6
해외선물증거금,52.5
한정승인,92.3
기업부설연구소,32.0
코인종류,84.7
코인선물,57.0
전고체배터리관련주,45.0
상속세신고기한,33.1
국내배당주,86.4
엔잡러,29.0
상속포기신고서,8.2
AMD주가,75.9
14K금시세,31.2
주식사이트,81.9
코인추천,50.5
근무일수계산기,4.1
금펀드,2.0
와이즈버즈,2.2
해외선물,92.5
PYTHON,92.5
종합보험,70.0
간병인보험,43.5
급여계산기,24.9
플레이댑,6.3
법인차량보험,87.5
카드사,79.0
법인등기,94.4
해외선물수수료,42.2
관세,77.9
퇴직연금수령방법,21.0
ETF투자,47.3
오늘금시세한돈,57.3
TIGERS&P500,0.1
갭투자,91.1
금시세,67.4
소유권이전등기비용,73.6
순금시세,52.6
알테오젠주가,73.2
대위변제,27.5
재택근무직업,19.4
해외선물거래,85.5
상속포기신청,97.3
중소기업지원사업,72.2
블록체인기술,73.3
KODEX반도체,4.2
명함제작,87.6
코인사이트,84.1
간병보험,76.5
한미반도체주가,93.4
비트코인시세그래프,8.7
퇴직금,77.9
전세권설정,53.2
공모전사이트,42.1
인텔주가,93.5
아파트월세,36.9
유동부채,43.4
월배당ETF,39.0
ETF수수료,83.8
JYP주가,25.4
비트코인주가,91.7
기대출과다자추가대출,3.8
하나은행환율,23.5
3D프린터기,2.1
국채투자,83.1
주식옮기기,8.1
4세대실비보험,22.2
재산명시,91.1
개인돈대출,74.4
방산주,21.0
부동산PF,89.2
미국주식,0.4
환율엔화,89.6
초기비용없는재택알바,3.8
바이오ETF,57.1
금ETF,18.8
나스닥ETF,89.9
월세,0.0
연말정산환급금조회,6.4
등기,13.2
나스닥100,89.5
특징주,93.7
비갱신암보험,25.5
ISA계좌개설,32.9
오늘의금시세,24.4
암보험,85.1
연말정산기간,74.8
증여세신고,93.1
부가세,60.6
정부지원,0.0
매도,0.0
ETF추천,89.6
금1돈시세,21.9
차용금,12.9
자동차보험비교,58.3
국제금시세,39.9
코오롱오두막,0.9
금값,76.5
실비암보험,66.1
투자신탁,89.6
신혼부부청약,92.8
실비보험가입조건,28.3
엑셀러레이터,10.6
미국환율,70.7
부가가치세법,27.7
보험비교사이트,42.0
금한돈,89.4
종합주가,86.9
우미린아파트,66.4
정보공개청구,34.8
증시일정,88.8
복리적금,25.2
비트코인선물거래,82.1
KB,34.6
코인거래소순위,57.8
코인상장,77.8
TSMC주가,53.2
SCF,4.2
비트코인시세,86.9
네이버주식,72.4
보험설계사,90.4
신용정보,89.8
간병비보험,49.1
일자리사이트,90.0
DGB생명,8.3
실비보험비갱신,13.3
국민연금,68.4
ETF수익률,75.7
질권설정,16.7
회계,32.2
디지털트윈,70.9
지급명령,82.2
에이치엘비주가,4.6
일자리,0.0
대부대출,88.8
주식세금,72.4
자금,0.0
연말정산하는법,34.3
차량보험,48.5
비갱신형암보험,49.1
SKC주가,13.4
실손의료비보험,49.6
금팔때,79.8
평생교육원,89.2
대출상담,39.3
비트코인선물,73.6
실내정원,57.0
차보험,3.0
퇴사통보기간,13.0
CI보험,7.3
알트코인,82.9
여론조사기관,71.8
실비보험비교사이트,3.6
3.3%계산기,1.2
체크카드혜택,81.4
연말정산소득공제,87.0
벤처기업인증,73.8
펀드,47.4
