연관키워드,월간검색수_합계
유럽증시,732010.0
적금계산기,626300.0
다우지수,564400.0
코스닥,471000.0
증권,450100.0
적금,443100.0
증시,427300.0
코스피지수,397800.0
주식시세,396410.0
파킹통장,373600.0
S&P500,336800.0
주요증시,328190.0
뉴욕증시,322600.0
저축은행예금,319300.0
예금이자계산기,293100.0
국내증시,233540.0
나스닥지수,210800.0
주가지수,200170.0
ISA계좌,200100.0
예금금리,176900.0
AI관련주,158700.0
저축은행적금,154100.0
ETF,150400.0
종합주가지수,142720.0
메리츠금융지주,142300.0
CMA,139700.0
금리,132300.0
정기예금금리비교,130000.0
미국국채10년,127400.0
미국주식,126100.0
금리계산기,119600.0
예금이자높은은행,118300.0
적금이자높은은행,114200.0
코스피200,113400.0
미국국채수익률,109700.0
적금추천,86700.0
IRP,80600.0
적금이자계산기,76600.0
연금저축,74500.0
다우선물,69560.0
국채금리,67100.0
신협정기예금금리,62470.0
채권,61700.0
퇴직금,61600.0
예금이자,58400.0
국내주식,58310.0
IRP계좌개설,57000.0
증권시세,56280.0
파킹통장금리비교,53400.0
CMA통장,52200.0
한국증시,50210.0
새마을금고예금,46000.0
적금금리,45700.0
HBM관련주,44770.0
이자계산,44600.0
반도체관련주,43730.0
해외주식,41960.0
연금저축펀드,41700.0
증시현황,41120.0
주식사는법,38510.0
미국달러환율,37390.0
예금특판,36200.0
거래량상위종목,35800.0
국채,35780.0
배당주,34960.0
연금보험,33590.0
예금금리비교,33400.0
나스닥선물실시간,33160.0
재테크,32500.0
달러환율전망,32430.0
S&P500지수,32410.0
CMA금리비교,28080.0
정기예금금리,27680.0
오늘증시,27550.0
은행금리,26500.0
저축은행금리비교,25810.0
IRP세액공제,25700.0
펀드,25640.0
유상증자,24900.0
S&P500선물,24250.0
오늘의증시,23900.0
금융,23850.0
사모펀드,23620.0
금리전망,22610.0
적금이자,22490.0
금리높은예금,21910.0
배당주순위,21590.0
매매,21430.0
일본주식,21070.0
적금특판,20640.0
다우지수선물,20210.0
정기적금,20110.0
파킹통장금리,20040.0
파킹통장추천,19790.0
블랙록,19300.0
미국증시실시간,18760.0
정기적금금리비교,18610.0
연말정산소득공제,18440.0
채권투자방법,18350.0
ISA중개형,18050.0
퇴직연금IRP,17930.0
이자,17760.0
주식복리계산기,17530.0
채권금리,17520.0
ISA계좌개설,16730.0
신탁,16480.0
시간외거래,16360.0
주가상승종목,16220.0
예금금리계산기,15300.0
알리바바주가,15060.0
은행이자,14870.0
미국배당주,14170.0
정기예금특판,14080.0
투자,14010.0
전환사채,13990.0
오늘주가,13940.0
적금이율,13890.0
오늘의주가,13740.0
특판예금,13640.0
발행어음,13440.0
CD,13390.0
특징주,13110.0
오늘의주식,12970.0
애널리스트,12890.0
KODEX미국S&P500TR,12870.0
비과세예금,12840.0
예금이자높은곳,12710.0
IRP퇴직연금해지,12650.0
주식투자,12610.0
단기예금,12520.0
은행금리비교,12510.0
오늘주식시장,12410.0
오늘주식시세,12310.0
증권사,12260.0
오늘의증시현황,12160.0
주식계좌개설,12120.0
미국주가,12050.0
미국주식사는법,11980.0
은행예금금리,11950.0
주식시장시간,11620.0
돈버는방법,11460.0
HBM대장주,11410.0
예금금리높은은행,11380.0
HTS,11330.0
비상장주식,11230.0
개인형IRP,11190.0
미국채권금리,11170.0
주식분석,11120.0
인공지능관련주,11040.0
금리비교,11030.0
미국주식추천,11020.0
채권투자,10970.0
적금금리비교,10880.0
1억모으기,10750.0
세액공제,10660.0
MMF,10630.0
상승종목,10620.0
TIGER200IT,10580.0
오늘의증권,10440.0
금투자,10430.0
종합주가,10270.0
자산운용사,10210.0
KODEX반도체,10110.0
CMA계좌,10010.0
ELB,9930.0
마이데이터,9730.0
인덱스펀드,9470.0
상한가,9460.0
국채수익률,9220.0
목돈굴리기,9170.0
주식시세조회,9160.0
AIETF,9130.0
특판적금,9000.0
리서치,8990.0
오늘의주가지수,8970.0
퇴직금IRP,8670.0
NPL,8380.0
체크카드혜택,8320.0
AI주식,8290.0
이율높은적금,8180.0
이자높은적금,8130.0
주식차트보는법,8100.0
베트남주식,8060.0
은행이자율,8030.0
복리적금,7990.0
ISA계좌추천,7980.0
대출상담,7910.0
비과세적금,7750.0
오늘주가지수,7720.0
증권정보,7640.0
고금리적금,7630.0
금값전망,7620.0
장외주식거래,7620.0
주식시황,7570.0
증권계좌개설,7510.0
중개형ISA,7470.0
이율높은예금,7340.0
디폴트옵션,7330.0
금리높은적금,7270.0
주식용어,7030.0
신규상장,7010.0
미국채권ETF,6870.0
채권ETF,6720.0
저축,6620.0
주식시간외거래,6560.0
리츠투자,6560.0
증권회사,6520.0
우량주,6450.0
신협특판,6430.0
개인연금추천,6420.0
퀀트투자,6320.0
금투자방법,6280.0
주식시세표,6220.0
펀드매니저,6220.0
저평가우량주,6210.0
주식추천,6160.0
돈버는법,6110.0
국채투자,6050.0
미국반도체ETF,5990.0
배당주추천,5870.0
SOFR,5740.0
정기예금이자,5730.0
트레이딩,5720.0
KODEXCD금리액티브(합성),5590.0
연금계좌,5460.0
KODEXAI반도체핵심장비,5430.0
미국주식수수료,5340.0
재형저축,5300.0
달러투자,5260.0
실시간주식,5230.0
고금리예금,5190.0
주식차트,5180.0
TSMC관련주,5170.0
부동산투자,5050.0
펀드투자권유대행인,4810.0
연금저축펀드추천,4800.0
차트,4770.0
CMA금리,4640.0
저축은행금리,4640.0
CMARP,4630.0
급등주,4540.0
AI관련주식,4520.0
자동차부품주,4490.0
인도펀드,4490.0
미국국채ETF,4460.0
시황,4430.0
연말정산세액공제,4360.0
상한가종목,4360.0
노후자금,4340.0
주식사이트,4320.0
주식뉴스,4310.0
시간외종가,4110.0
주식상한가,4110.0
비과세개인연금,4070.0
적금상품,4070.0
반도체대장주,3950.0
TIGER반도체,3920.0
오늘의주식시장,3820.0
ETF수수료,3820.0
제태크,3720.0
저축은행정기예금금리,3700.0
AI주식투자,3660.0
새마을금고이율,3640.0
1억투자,3590.0
입출금통장,3510.0
오늘주식시황,3480.0
월급쟁이재테크,3470.0
변액연금보험,3450.0
주식종목,3400.0
장외채권,3390.0
실시간증시,3390.0
주식사기,3360.0
반도체장비주,3340.0
자산관리,3320.0
복리예금,3280.0
신종자본증권,3260.0
금펀드,3230.0
국내ETF,3190.0
MMF통장,3180.0
연말정산연금저축,3180.0
배당주투자,3160.0
오늘의상한가,3100.0
주식창,3080.0
정기예금이율,3040.0
채권수익률,3010.0
증시전망,3010.0
주식전망,3010.0
주식상장,3000.0
CMA이자,2970.0
저축성보험,2960.0
예적금금리,2920.0
국고채금리,2920.0
월복리적금,2870.0
토지경매,2870.0
주가전망,2870.0
돈벌기,2870.0
미국채ETF,2850.0
주식프로그램,2840.0
발행어음CMA,2830.0
주식정보,2800.0
KB증권CMA,2750.0
개인퇴직연금,2740.0
엔젤투자,2730.0
주식종목추천,2730.0
주식캔들,2710.0
SOFRETF,2690.0
돈많이버는법,2650.0
정기적금특판,2580.0
개인연금IRP,2540.0
청년형소득공제장기펀드,2520.0
퇴직연금담보대출,2440.0
ISA계좌이벤트,2410.0
투자유치,2390.0
ISA계좌개설이벤트,2360.0
주식강의,2360.0
자산운용,2350.0
인덱스펀드뜻,2310.0
국내주식추천,2280.0
세제혜택,2250.0
부자되는법,2230.0
주식장외거래,2220.0
적립식펀드,2220.0
주식공부책,2210.0
대체투자,2210.0
펀드추천,2210.0
만기매칭형채권ETF,2210.0
목돈적금,2180.0
주식추천종목,2140.0
주식프로그램매매,2110.0
펀드수익률,2090.0
ISA이벤트,2080.0
가치투자,2060.0
유망주식,2060.0
집에서돈벌기,2060.0
시중은행금리,2030.0
상장지수펀드,2020.0
미국채권투자,2010.0
일본주식투자,1970.0
회사채금리,1970.0
달러투자방법,1960.0
코스피200종목,1950.0
유사투자자문업,1940.0
적금금리높은곳,1930.0
고금리,1900.0
생활자금대출,1890.0
해외주식사는법,1870.0
스타트업투자,1860.0
주식투자하는법,1850.0
서울재개발,1830.0
CMA통장금리,1820.0
청년펀드,1810.0
주식기초,1810.0
MMF금리,1800.0
주식하는방법,1800.0
투자운용사,1790.0
외국인매수종목,1750.0
천만원투자,1750.0
비과세저축,1730.0
계좌개설이벤트,1730.0
추천주,1720.0
파킹통장CMA,1690.0
비대면통장개설,1650.0
게임주식,1650.0
전단채,1650.0
금리높은파킹통장,1650.0
AI투자,1630.0
투자자,1630.0
회사채투자,1620.0
장외거래,1620.0
장기투자종목,1620.0
투자신탁,1600.0
베트남펀드,1600.0
ETF수익률,1600.0
주식거래,1590.0
금융상품,1590.0
데이트레이딩,1580.0
주식그래프,1550.0
금융교육,1550.0
페이증권,1540.0
요즘뜨는주식,1540.0
상장회사,1530.0
ETF교육,1530.0
실시간주가,1530.0
단기채권,1530.0
주식레버리지,1530.0
소액투자,1520.0
개인연금세액공제,1510.0
은ETF,1510.0
하이일드채권,1510.0
주식통장개설,1500.0
IRP추천,1500.0
주식시작,1480.0
펀드투자,1460.0
주도주,1460.0
상가투자,1450.0
주식추천주,1440.0
주식관련책,1420.0
적립식투자,1420.0
주식종가,1410.0
부동산리츠,1400.0
IRP이전,1400.0
투자회사,1390.0
금재테크,1390.0
실시간주식시세,1380.0
펀드하는법,1370.0
SOFR금리,1370.0
일본주식시장,1360.0
채권매입,1350.0
주식포트폴리오,1350.0
국내증시전망,1330.0
주식호가,1330.0
중국펀드,1320.0
자산포트폴리오,1320.0
국내채권ETF,1300.0
부동산조각투자,1290.0
추천주식,1270.0
CMA통장추천,1270.0
시중은행금리비교,1230.0
예금금리높은곳,1220.0
장외시장,1220.0
나스닥종목,1220.0
저축은행예금금리비교,1220.0
증권계좌20일,1200.0
외국인순매수,1190.0
해외주식거래,1190.0
IRP계좌이전,1170.0
게임관련주,1130.0
차트분석,1110.0
기업어음,1110.0
투자자문사,1080.0
주식호가창,1080.0
이머징마켓,1070.0
주식용어사전,1060.0
엔젤투자자,1060.0
한국증시실시간,1040.0
투자포트폴리오,1030.0
연금저축이전,1030.0
탄소배출권ETF,1030.0
개인형퇴직연금,1000.0
해지펀드,1000.0
개인연금계산기,990.0
투자종류,980.0
분산투자,980.0
주식토론방,970.0
퇴직연금수익률,970.0
새마을금고전세자금대출,970.0
1억굴리기,970.0
채권형펀드,970.0
개인연금저축펀드,960.0
주식테마,960.0
주식현황,960.0
ESG평가,960.0
주식블로그,950.0
목돈굴리기상품,940.0
수익형오피스텔,940.0
주식동향,930.0
채권발행,920.0
부동산재테크,920.0
퇴직연금펀드,920.0
빌라투자,920.0
주식입문,910.0
ETF계좌,910.0
목돈만들기,910.0
ETF종류,910.0
엔터주식,900.0
미국펀드,900.0
인공지능주식,900.0
주식보는법,890.0
레버리지투자,890.0
주식커뮤니티,890.0
2억투자,890.0
장기투자,880.0
증권사IRP,880.0
주식공매도,870.0
리츠펀드,860.0
직장인적금추천,850.0
돈굴리기,850.0
적금이율비교,840.0
P2P투자,830.0
증시캘린더,820.0
땅투자,820.0
1주택자대출,810.0
주식고수,810.0
재테크카페,810.0
재테크종류,800.0
ETF펀드,800.0
메리츠증권슈퍼365,800.0
조건검색식,800.0
부동산투자회사,800.0
증권계좌개설이벤트,790.0
코스닥벤처펀드,790.0
주식차트사이트,770.0
주부재테크,770.0
5천만원투자,770.0
주식투자노트,770.0
단타종목,760.0
해외주식투자,760.0
해외채권,760.0
국고채권,750.0
천만원굴리기,750.0
국내주식시장,740.0
전자단기사채,740.0
자산관리어플,730.0
크라우드펀딩사이트,730.0
증권사CMA,730.0
전문투자자,730.0
저축은행특판,730.0
동전주식,720.0
종목추천,720.0
고령자대출,710.0
3억투자,710.0
CMA발행어음,710.0
초보주식,700.0
비과세상품,700.0
노후대책,700.0
IT관련주,700.0
주가조회,700.0
주식리포트,690.0
IRP이벤트,690.0
저가주식,690.0
INVESTORRELATIONS,680.0
채권시장,670.0
부동산소액투자,670.0
인기주식,660.0
베트남투자,660.0
재테크의3원칙,660.0
환율투자,660.0
IRP가입,650.0
현금지급이벤트,640.0
채권판매,630.0
주식매매방,630.0
주식유망주,620.0
투자수익률,620.0
주식투자사이트,620.0
서울토지매매,620.0
주식배우기,610.0
주식펀드,600.0
공모펀드,600.0
주식방,600.0
오늘주식시세표,590.0
주식실시간,580.0
주식종목코드,580.0
자산관리상담,580.0
저평가가치주,580.0
10억투자,570.0
채권펀드,570.0
주식트레이딩,570.0
주식전문가,570.0
관심종목,570.0
채권시세,560.0
시간외주식거래,550.0
장기채권,550.0
해외증권,550.0
소득공제장기펀드,550.0
투자자문,550.0
CMA추천,540.0
펀드종류,540.0
주식자동매매시스템만들기,530.0
삼성투자,530.0
종합금융회사,520.0
증권사계좌개설이벤트,520.0
주식조회,520.0
자산관리회사,520.0
증시뉴스,510.0
투자방법,510.0
주식검색식,510.0
새마을금고대환대출,500.0
KODEX미국S&P500테크놀로지,500.0
토지분양,500.0
주가검색,490.0
어린이펀드,490.0
현재주가,490.0
자산관리앱,490.0
증권앱,490.0
주식스터디,480.0
ELS상품,480.0
담보대출신용대출,470.0
주식형펀드,470.0
주식가격,470.0
5억투자,460.0
펀드마켓,460.0
국고채30년,460.0
주식이벤트,460.0
해외펀드,460.0
대한항공채권,460.0
금융자산관리사,460.0
개인투자자,450.0
애널리스트리포트,450.0
벤처기업투자,450.0
TSMCETF,450.0
절세상품,440.0
재테크강의,440.0
펀드가입,440.0
삼성퇴직연금,440.0
채권매수,430.0
주식시장전망,420.0
채권거래,420.0
주식이슈,420.0
채권조회,420.0
채권구입,410.0
상장기업분석,410.0
투자상품,400.0
상한가주식,400.0
추천종목,400.0
슈퍼365,400.0
유사투자자문,400.0
빅테크관련주,390.0
500만원투자,390.0
사대보험미가입대출,390.0
온라인적금,390.0
한국전력채권,380.0
현금투자,380.0
카드매출대출,380.0
ETF거래,380.0
투자자모집,370.0
주가동향,370.0
배당주펀드,370.0
법인투자,370.0
기업분석보고서,370.0
금융투자회사,360.0
펀드기준가,360.0
반도체펀드,360.0
금융투자상품,360.0
재테크방법,360.0
투자전문가,340.0
채권수익률과표면금리,340.0
소액부동산투자,330.0
투자법인,330.0
펀드검색,330.0
연금보험비교,320.0
소액재테크,320.0
건물투자,320.0
증권계좌수수료,320.0
주가정보,310.0
투자사,310.0
연금저축수익률,310.0
주식매매하는법,310.0
타이거200IT,290.0
ESG펀드,290.0
엔터관련주,290.0
신용융자,290.0
퇴직금투자,290.0
CMA통장개설,290.0
리츠회사,280.0
펀드회사,280.0
펀드상품,280.0
오늘증권시세,270.0
원금보장펀드,270.0
종목분석,270.0
투자설명회,270.0
기업투자,270.0
KODEX미국종합채권SRI액티브(H),269.0
내일주식시장,260.0
연금저축펀드비교,250.0
목돈마련,250.0
투자자문회사,250.0
오늘시황,240.0
주식현재가,240.0
주식투자공부,240.0
예금금리높은저축은행,240.0
프랜차이즈론,240.0
증권계좌조회,240.0
주식매입,230.0
투자클럽,230.0
자산운용회사,230.0
공동투자,230.0
주식토론,220.0
적립식펀드추천,220.0
비대면계좌개설이벤트,220.0
차이나펀드,210.0
삼성글로벌메타버스,210.0
주식종목검색,210.0
노후설계,210.0
주식찌라시,210.0
추천펀드,210.0
펀드비교,200.0
주가차트,200.0
CMA계좌개설,200.0
투자그룹,200.0
펀드순위,200.0
안전투자,190.0
실시간주식차트,190.0
주식동호회,180.0
투자자산운용,170.0
투자컨설팅,170.0
투자수익,170.0
비상장주식투자,170.0
주식상담,170.0
실시간증권,160.0
월지급식펀드,160.0
투자정보,160.0
유사투자,160.0
주식차트프로그램,160.0
주식시뮬레이션,160.0
주식구매방법,150.0
1금융주택담보대출,150.0
주식강좌,150.0
안전한투자,150.0
개인자산관리사,150.0
주식투자회사,150.0
주식차트보는곳,140.0
주식컨설팅,130.0
주식거래하는법,130.0
삼성증권CMA통장,130.0
주식차트보기,130.0
주식시세보기,129.0
주식분석사이트,120.0
차이나그로스,120.0
투자강의,120.0
매출채권담보대출,120.0
주식투자추천,120.0
펀드정보,120.0
무료재무상담,120.0
국내펀드,120.0
크라우드펀드,120.0
증권계좌만들기,110.0
은행별금리비교,110.0
종목검색기,110.0
여유자금투자,110.0
개인자산관리,110.0
투자상담,110.0
투자사이트,110.0
주식종목분석,110.0
유망펀드,100.0
원금보장형ELS,100.0
재테크상담,100.0
주식투자강의,100.0
중개사이트,100.0
주가예측,100.0
KBCMA통장,90.0
인터넷돈벌기,90.0
KODEXAI,90.0
수익률좋은펀드,90.0
주식종합차트,90.0
급등주추천,90.0
로봇펀드,90.0
적립식펀드투자,90.0
글로벌펀드,90.0
전종목시세,80.0
청년형소득공제장기펀드가입,80.0
코덱스미국S&P500TR,80.0
주식공부하는방법,80.0
주식첫걸음,80.0
주식상품,80.0
인덱스펀드추천,80.0
S라운지,80.0
삼성증권S라운지,80.0
펀드평가,70.0
중국주식사이트,70.0
투자전문회사,70.0
KODEXAI반도체,70.0
주식투자정보,70.0
재테크세미나,70.0
개인연금이벤트,70.0
TIGER반도체ETF,70.0
주식통장추천,70.0
주식처음시작,70.0
단기투자상품,70.0
국고채30년ETF,70.0
인기펀드,70.0
주식시세표시기,70.0
주식무료,60.0
해외펀드추천,60.0
투자연구소,60.0
자산관리컨설팅,60.0
투자자유치,60.0
자산상담,60.0
리서치보고서,60.0
펀드용어,60.0
디지털PB,60.0
펀드수익율,60.0
주식홈페이지,50.0
부동산펀딩,50.0
주식강의추천,50.0
펀드사이트,50.0
인공지능관련주식,50.0
적립형펀드,50.0
부동산사모펀드,50.0
정책자금종류,50.0
채권차트,50.0
주식계좌개설혜택,50.0
주식분석프로그램,50.0
기초주식,50.0
클라우딩펀드,50.0
미국클린에너지,49.0
편드,40.0
재테크컨설팅,40.0
CMA계좌만들기,40.0
주식추천사이트,40.0
고수익투자,40.0
주식동영상,40.0
주식거래하는방법,40.0
미니코스피200,40.0
장외주식거래사이트,40.0
주식트레이드,40.0
주식매매수수료무료,40.0
오늘주식추천,39.0
계좌개설혜택,39.0
자산관리업체,30.0
농산물투자,30.0
삼성한국형TDF2040,30.0
재테크사이트,30.0
CMA통장개설방법,30.0
KB증권CMA수수료,30.0
투자하기,30.0
KBCMA계좌,30.0
삼성증권CMA계좌개설,30.0
주식투자자문,30.0
CMA가입,30.0
MMF형CMA,30.0
PRIMECLUB,30.0
삼성증권채권투자,30.0
KODEXAI반도체핵심장비ETF,30.0
주식자동매매시스템,30.0
주식신청,30.0
미래에셋반도체ETF,30.0
주식계좌비대면개설,30.0
오늘추천종목,29.0
펀드상담,29.0
P2P대환대출,29.0
KB증권발행어음CMA,29.0
원유펀드,29.0
주식종목상담,29.0
대출P2P,29.0
주식첫거래,29.0
삼성픽테로보틱스증권자투자신탁,29.0
회사채거래,20.0
주식체험,20.0
평생무료,20.0
부산재테크,20.0
투자중개,20.0
무료주식정보,20.0
KBSTAR25-11,20.0
주식투자상담,20.0
주식정보제공,20.0
주식투자컨설팅,20.0
회사채매매,20.0
롯데건설채권,20.0
P2P펀드,20.0
주식투자클럽,20.0
KB증권파킹통장,20.0
삼성증권SLOUNGE,20.0
주식업체,20.0
주식무료상담,20.0
인덱스펀드가입,20.0
카톡리딩,19.0
SLOUNGE,19.0
S.LOUNGE,19.0
삼성증권S.LOUNGE,19.0
삼성증권에스라운지,19.0
SUPER365계좌,19.0
펀드스퀘어,19.0
주식멘토,19.0
미래에셋차이나그로스증권,19.0
연금펀드이벤트,19.0
삼성글로벌메타버스증권자투자신탁,19.0
슈퍼365계좌,19.0
KBCMA발행어음,19.0
해외펀드투자,19.0
KB증권CMA카드,19.0
온라인펀드,19.0
주식시세사이트,19.0
적립식CMA,19.0
주식문의,19.0
주식구매사이트,18.0
삼성S라운지,18.0
은퇴자산관리,18.0
삼성증권채권투자방법,18.0
증권상담,18.0
나스닥레버리지투자,18.0
적립식펀드가입,18.0
KODEXAIETF,18.0
미래에셋차이나그로스증권자투자신탁1호,18.0
주식투자업체,18.0
갱스탁,18.0
P2P대출금리,18.0
KIS국고채30년ENHANCED,18.0
펀드뉴스,18.0
KBSTAR25-11회사채,18.0
주식리딩사이트,18.0
삼성글로벌배당귀족ESG,18.0
KBSTAR23-11,18.0
채권투자정보,18.0
